Row Num,Code,Code-X,Level,Name,TABBED TEXT
1,0,0xx,1,"Computer science, information and general works","0xx    Computer science, information and general works"
102,1,1xx,1,Philosophy and psychology,1xx    Philosophy and psychology
212,2,2xx,1,Religion,2xx    Religion
323,3,3xx,1,Social sciences,3xx    Social sciences
434,4,4xx,1,Language,4xx    Language
545,5,5xx,1,Science,5xx    Science
656,6,6xx,1,Technology,6xx    Technology
765,7,7xx,1,Arts and recreation,7xx    Arts and recreation
876,8,8xx,1,Literature,8xx    Literature
988,9,9xx,1,History and geography,9xx    History and geography
2,00,00x,2,"Computer science, knowledge and systems","00x    Computer science, knowledge and systems"
13,01,01x,2,Bibliographies,01x    Bibliographies
24,02,02x,2,Library and information sciences,02x    Library and information sciences
35,03,03x,2,Encyclopedias and books of facts,03x    Encyclopedias and books of facts
47,05,05x,2,"Magazines, journals and serials","05x    Magazines, journals and serials"
58,06,06x,2,"Associations, organizations and museums","06x    Associations, organizations and museums"
69,07,07x,2,"News media, journalism and publishing","07x    News media, journalism and publishing"
80,08,08x,2,Quotations,08x    Quotations
91,09,09x,2,Manuscripts and rare books,09x    Manuscripts and rare books
103,10,10x,2,Philosophy,10x    Philosophy
114,11,11x,2,Metaphysics,11x    Metaphysics
125,12,12x,2,Epistemology,12x    Epistemology
136,13,13x,2,Parapsychology and occultism,13x    Parapsychology and occultism
147,14,14x,2,Philosophical schools of thought,14x    Philosophical schools of thought
158,15,15x,2,Psychology,15x    Psychology
169,16,16x,2,Philosophical logic,16x    Philosophical logic
179,17,17x,2,Ethics,17x    Ethics
190,18,18x,2,"Ancient, medieval, and Eastern philosophy","18x    Ancient, medieval, and Eastern philosophy"
201,19,19x,2,"Modern Western philosophy (19th-century, 20th-century)","19x    Modern Western philosophy (19th-century, 20th-century)"
213,20,20x,2,Religion,20x    Religion
224,21,21x,2,Philosophy and theory of religion,21x    Philosophy and theory of religion
235,22,22x,2,The Bible,22x    The Bible
246,23,23x,2,Christianity,23x    Christianity
257,24,24x,2,Christian practice and observance,24x    Christian practice and observance
268,25,25x,2,Christian orders and local church,25x    Christian orders and local church
279,26,26x,2,Social and ecclesiastical theology,26x    Social and ecclesiastical theology
290,27,27x,2,History of Christianity,27x    History of Christianity
301,28,28x,2,Christian denominations,28x    Christian denominations
312,29,29x,2,Other religions,29x    Other religions
324,30,30x,2,"Social sciences, sociology and anthropology","30x    Social sciences, sociology and anthropology"
335,31,31x,2,Statistics,31x    Statistics
346,32,32x,2,Political science,32x    Political science
357,33,33x,2,Economics,33x    Economics
368,34,34x,2,Law,34x    Law
379,35,35x,2,Public administration and military science,35x    Public administration and military science
390,36,36x,2,Social problems and social services,36x    Social problems and social services
401,37,37x,2,Education,37x    Education
412,38,38x,2,"Commerce, communications and transportation","38x    Commerce, communications and transportation"
423,39,39x,2,"Customs, etiquette and folklore","39x    Customs, etiquette and folklore"
435,40,40x,2,Language,40x    Language
446,41,41x,2,Linguistics,41x    Linguistics
457,42,42x,2,English and Old English languages,42x    English and Old English languages
468,43,43x,2,German and related languages,43x    German and related languages
479,44,44x,2,French and related languages,44x    French and related languages
490,45,45x,2,"Italian, Romanian and related languages","45x    Italian, Romanian and related languages"
501,46,46x,2,"Spanish, Portuguese, Galician","46x    Spanish, Portuguese, Galician"
512,47,47x,2,Latin and Italic languages,47x    Latin and Italic languages
523,48,48x,2,Classical and modern Greek languages,48x    Classical and modern Greek languages
534,49,49x,2,Other languages,49x    Other languages
546,50,50x,2,Science,50x    Science
557,51,51x,2,Mathematics,51x    Mathematics
568,52,52x,2,Astronomy,52x    Astronomy
579,53,53x,2,Physics,53x    Physics
590,54,54x,2,Chemistry,54x    Chemistry
601,55,55x,2,Earth sciences and geology,55x    Earth sciences and geology
612,56,56x,2,Fossils and prehistoric life,56x    Fossils and prehistoric life
623,57,57x,2,Biology,57x    Biology
634,58,58x,2,Plants,58x    Plants
645,59,59x,2,Animals (Zoology),59x    Animals (Zoology)
657,60,60x,2,Technology,60x    Technology
668,61,61x,2,Medicine and health,61x    Medicine and health
679,62,62x,2,Engineering,62x    Engineering
690,63,63x,2,Agriculture,63x    Agriculture
701,64,64x,2,Home and family management,64x    Home and family management
712,65,65x,2,Management and public relations,65x    Management and public relations
721,66,66x,2,Chemical engineering,66x    Chemical engineering
732,67,67x,2,Manufacturing,67x    Manufacturing
743,68,68x,2,Manufacture for specific uses,68x    Manufacture for specific uses
754,69,69x,2,Construction of buildings,69x    Construction of buildings
766,70,70x,2,Arts,70x    Arts
777,71,71x,2,Area planning and landscape architecture,71x    Area planning and landscape architecture
788,72,72x,2,Architecture,72x    Architecture
799,73,73x,2,"Sculpture, ceramics and metalwork","73x    Sculpture, ceramics and metalwork"
810,74,74x,2,Graphic arts and decorative arts,74x    Graphic arts and decorative arts
821,75,75x,2,Painting,75x    Painting
832,76,76x,2,Printmaking and prints,76x    Printmaking and prints
843,77,77x,2,"Photography, computer art, film, video","77x    Photography, computer art, film, video"
854,78,78x,2,Music,78x    Music
865,79,79x,2,"Outline of sports, games and entertainment","79x    Outline of sports, games and entertainment"
877,80,80x,2,"Literature, rhetoric and criticism","80x    Literature, rhetoric and criticism"
888,81,81x,2,American literature in English,81x    American literature in English
899,82,82x,2,English and Old English literatures,82x    English and Old English literatures
902,82,82x,2,English drama,82x    English drama
911,83,83x,2,German and related literatures,83x    German and related literatures
922,84,84x,2,French and related literatures,84x    French and related literatures
933,85,85x,2,"Italian, Romanian and related literatures","85x    Italian, Romanian and related literatures"
944,86,86x,2,"Spanish, Portuguese, Galician literatures","86x    Spanish, Portuguese, Galician literatures"
955,87,87x,2,Latin and Italic literatures,87x    Latin and Italic literatures
966,88,88x,2,Classical and modern Greek literatures,88x    Classical and modern Greek literatures
977,89,89x,2,Other literatures,89x    Other literatures
989,90,90x,2,History,90x    History
1000,91,91x,2,Geography and travel,91x    Geography and travel
1011,92,92x,2,Biography and genealogy,92x    Biography and genealogy
1015,93,93x,2,History of ancient world (to c. 499),93x    History of ancient world (to c. 499)
1026,94,94x,2,History of Europe,94x    History of Europe
1037,95,95x,2,History of Asia,95x    History of Asia
1048,96,96x,2,History of Africa,96x    History of Africa
1059,97,97x,2,History of North America,97x    History of North America
1070,98,98x,2,History of South America,98x    History of South America
1081,99,99x,2,History of other areas,99x    History of other areas
3,000,000,3,"Computer science, information and general works","000    Computer science, information and general works"
4,001,001,3,Knowledge,001    Knowledge
5,002,002,3,"The book (writing, libraries, and book-related topics)","002    The book (writing, libraries, and book-related topics)"
6,003,003,3,Systems,003    Systems
7,004,004,3,Data processing and computer science,004    Data processing and computer science
8,005,005,3,"Computer programming, programs and data","005    Computer programming, programs and data"
9,006,006,3,Special computer methods,006    Special computer methods
10,007,007,3,[Unassigned],007    [Unassigned]
11,008,008,3,[Unassigned],008    [Unassigned]
12,009,009,3,[Unassigned],009    [Unassigned]
14,010,010,3,Bibliography,010    Bibliography
15,011,011,3,Bibliographies,011    Bibliographies
16,012,012,3,Bibliographies of individuals,012    Bibliographies of individuals
17,013,013,3,[Unassigned],013    [Unassigned]
18,014,014,3,Bibliographies of anonymous and pseudonymous works,014    Bibliographies of anonymous and pseudonymous works
19,015,015,3,Bibliographies of works from specific places,015    Bibliographies of works from specific places
20,016,016,3,Bibliographies of works on specific subjects,016    Bibliographies of works on specific subjects
21,017,017,3,General subject catalogs,017    General subject catalogs
22,018,018,3,"Catalogs arranged by author, date, etc.","018    Catalogs arranged by author, date, etc."
23,019,019,3,Dictionary catalogs,019    Dictionary catalogs
25,020,020,3,Library and information sciences,020    Library and information sciences
26,021,021,3,"Library relationships (with archives, information centers, etc.)","021    Library relationships (with archives, information centers, etc.)"
27,022,022,3,Administration of physical plant,022    Administration of physical plant
28,023,023,3,Personnel management,023    Personnel management
29,024,024,3,[Unassigned],024    [Unassigned]
30,025,025,3,Library operations,025    Library operations
31,026,026,3,Libraries for specific subjects,026    Libraries for specific subjects
32,027,027,3,General libraries,027    General libraries
33,028,028,3,Reading and use of other information media,028    Reading and use of other information media
34,029,029,3,[Unassigned],029    [Unassigned]
36,030,030,3,General encyclopedic works,030    General encyclopedic works
37,031,031,3,Encyclopedias in American English,031    Encyclopedias in American English
38,032,032,3,Encyclopedias in English,032    Encyclopedias in English
39,033,033,3,Encyclopedias in other Germanic languages,033    Encyclopedias in other Germanic languages
40,034,034,3,"Encyclopedias in French, Occitan, and Catalan","034    Encyclopedias in French, Occitan, and Catalan"
41,035,035,3,"Encyclopedias in Italian, Romanian, and related languages","035    Encyclopedias in Italian, Romanian, and related languages"
42,036,036,3,Encyclopedias in Spanish and Portuguese,036    Encyclopedias in Spanish and Portuguese
43,037,037,3,Encyclopedias in Slavic languages,037    Encyclopedias in Slavic languages
44,038,038,3,Encyclopedias in Scandinavian languages,038    Encyclopedias in Scandinavian languages
45,039,039,3,Encyclopedias in other languages,039    Encyclopedias in other languages
46,040,040,3,Unassigned (formerly Biographies),040    Unassigned (formerly Biographies)
48,050,050,3,General serial publications,050    General serial publications
49,051,051,3,Serials in American English,051    Serials in American English
50,052,052,3,Serials in English,052    Serials in English
51,053,053,3,Serials in other Germanic languages,053    Serials in other Germanic languages
52,054,054,3,"Serials in French, Occitan, and Catalan","054    Serials in French, Occitan, and Catalan"
53,055,055,3,"Serials in Italian, Romanian, and related languages","055    Serials in Italian, Romanian, and related languages"
54,056,056,3,Serials in Spanish and Portuguese,056    Serials in Spanish and Portuguese
55,057,057,3,Serials in Slavic languages,057    Serials in Slavic languages
56,058,058,3,Serials in Scandinavian languages,058    Serials in Scandinavian languages
57,059,059,3,Serials in other languages,059    Serials in other languages
59,060,060,3,General organizations and museum science,060    General organizations and museum science
60,061,061,3,Organizations in North America,061    Organizations in North America
61,062,062,3,Organizations in British Isles; in England,062    Organizations in British Isles; in England
62,063,063,3,Organizations in central Europe; in Germany,063    Organizations in central Europe; in Germany
63,064,064,3,Organizations in France and Monaco,064    Organizations in France and Monaco
64,065,065,3,Organizations in Italy and adjacent islands,065    Organizations in Italy and adjacent islands
65,066,066,3,Organizations in Iberian peninsula and adjacent islands,066    Organizations in Iberian peninsula and adjacent islands
66,067,067,3,Organizations in eastern Europe; in Russia,067    Organizations in eastern Europe; in Russia
67,068,068,3,Organizations in other geographic areas,068    Organizations in other geographic areas
68,069,069,3,Museum science,069    Museum science
70,070,070,3,"News media, journalism, and publishing","070    News media, journalism, and publishing"
71,071,071,3,Newspapers in North America,071    Newspapers in North America
72,072,072,3,Newspapers in British Isles; in England,072    Newspapers in British Isles; in England
73,073,073,3,Newspapers in central Europe; in Germany,073    Newspapers in central Europe; in Germany
74,074,074,3,Newspapers in France and Monaco,074    Newspapers in France and Monaco
75,075,075,3,Newspapers in Italy and adjacent islands,075    Newspapers in Italy and adjacent islands
76,076,076,3,Newspapers in Iberian peninsula and adjacent islands,076    Newspapers in Iberian peninsula and adjacent islands
77,077,077,3,Newspapers in eastern Europe; in Russia,077    Newspapers in eastern Europe; in Russia
78,078,078,3,Newspapers in Scandinavia,078    Newspapers in Scandinavia
79,079,079,3,Newspapers in other geographic areas,079    Newspapers in other geographic areas
81,080,080,3,General collections,080    General collections
82,081,081,3,Collections in American English,081    Collections in American English
83,082,082,3,Collections in English,082    Collections in English
84,083,083,3,Collections in other Germanic languages,083    Collections in other Germanic languages
85,084,084,3,"Collections in French, Occitan, Catalan","084    Collections in French, Occitan, Catalan"
86,085,085,3,"Collections in Italian, Romanian, and related languages","085    Collections in Italian, Romanian, and related languages"
87,086,086,3,Collections in Spanish and Portuguese,086    Collections in Spanish and Portuguese
88,087,087,3,Collections in Slavic languages,087    Collections in Slavic languages
89,088,088,3,Collections in Scandinavian languages,088    Collections in Scandinavian languages
90,089,089,3,Collections in other languages,089    Collections in other languages
92,090,090,3,Manuscripts and rare books,090    Manuscripts and rare books
93,091,091,3,Manuscripts,091    Manuscripts
94,092,092,3,Block books,092    Block books
95,093,093,3,Incunabula,093    Incunabula
96,094,094,3,Printed books,094    Printed books
97,095,095,3,Books notable for bindings,095    Books notable for bindings
98,096,096,3,Books notable for illustrations,096    Books notable for illustrations
99,097,097,3,Books notable for ownership or origin,097    Books notable for ownership or origin
100,098,098,3,"Prohibited works, forgeries, and hoaxes","098    Prohibited works, forgeries, and hoaxes"
101,099,099,3,Books notable for format,099    Books notable for format
104,100,100,3,Philosophy and psychology,100    Philosophy and psychology
105,101,101,3,Theory of philosophy,101    Theory of philosophy
106,102,102,3,Miscellany,102    Miscellany
107,103,103,3,Dictionaries and encyclopedias,103    Dictionaries and encyclopedias
108,104,104,3,Unassigned,104    Unassigned
109,105,105,3,Serial publications,105    Serial publications
110,106,106,3,Organizations and management,106    Organizations and management
111,107,107,3,"Education, research, related topics of philosophy","107    Education, research, related topics of philosophy"
112,108,108,3,Groups of people,108    Groups of people
113,109,109,3,History and collected biography,109    History and collected biography
115,110,110,3,Metaphysics,110    Metaphysics
116,111,111,3,Ontology,111    Ontology
117,112,112,3,No longer used — formerly Methodology,112    No longer used — formerly Methodology
118,113,113,3,Cosmology (Philosophy of nature),113    Cosmology (Philosophy of nature)
119,114,114,3,Space,114    Space
120,115,115,3,Time,115    Time
121,116,116,3,Change,116    Change
122,117,117,3,Structure,117    Structure
123,118,118,3,Force and energy,118    Force and energy
124,119,119,3,Number and quantity,119    Number and quantity
126,120,120,3,"Epistemology, causation, and humankind","120    Epistemology, causation, and humankind"
127,121,121,3,Epistemology (Theory of knowledge),121    Epistemology (Theory of knowledge)
128,122,122,3,Causation,122    Causation
129,123,123,3,Determinism and indeterminism,123    Determinism and indeterminism
130,124,124,3,Teleology,124    Teleology
131,125,125,3,No longer used — formerly Infinity,125    No longer used — formerly Infinity
132,126,126,3,The self,126    The self
133,127,127,3,The unconscious and the subconscious,127    The unconscious and the subconscious
134,128,128,3,Humankind,128    Humankind
135,129,129,3,Origin and destiny of individual souls,129    Origin and destiny of individual souls
137,130,130,3,Parapsychology and occultism,130    Parapsychology and occultism
138,131,131,3,"Parapsychological and occult methods for achieving well-being, happiness, success","131    Parapsychological and occult methods for achieving well-being, happiness, success"
139,132,132,3,"No longer used — formerly ""Mental derangements""","132    No longer used — formerly ""Mental derangements"""
140,133,133,3,Specific topics in parapsychology and occultism,133    Specific topics in parapsychology and occultism
141,134,134,3,"No longer used — formerly ""Mesmerism and Clairvoyance""","134    No longer used — formerly ""Mesmerism and Clairvoyance"""
142,135,135,3,Dreams and mysteries,135    Dreams and mysteries
143,136,136,3,"No longer used — formerly ""Mental characteristics""","136    No longer used — formerly ""Mental characteristics"""
144,137,137,3,Divinatory graphology,137    Divinatory graphology
145,138,138,3,Physiognomy,138    Physiognomy
146,139,139,3,Phrenology,139    Phrenology
148,140,140,3,Specific philosophical schools and viewpoints,140    Specific philosophical schools and viewpoints
149,141,141,3,Idealism and related systems and doctrines,141    Idealism and related systems and doctrines
150,142,142,3,Critical philosophy,142    Critical philosophy
151,143,143,3,Bergsonism and intuitionism,143    Bergsonism and intuitionism
152,144,144,3,Humanism and related systems and doctrines,144    Humanism and related systems and doctrines
153,145,145,3,Sensationalism,145    Sensationalism
154,146,146,3,Naturalism and related systems and doctrines,146    Naturalism and related systems and doctrines
155,147,147,3,Pantheism and related systems and doctrines,147    Pantheism and related systems and doctrines
156,148,148,3,"Dogmatism, eclecticism, liberalism, syncretism, and traditionalism","148    Dogmatism, eclecticism, liberalism, syncretism, and traditionalism"
157,149,149,3,Other philosophical systems and doctrines,149    Other philosophical systems and doctrines
159,150,150,3,Psychology,150    Psychology
160,151,151,3,"No longer used — formerly ""Intellect ""","151    No longer used — formerly ""Intellect """
161,152,152,3,"Sensory perception, movement, emotions, and physiological drives","152    Sensory perception, movement, emotions, and physiological drives"
162,153,153,3,Conscious mental processes and intelligence,153    Conscious mental processes and intelligence
163,154,154,3,Subconscious and altered states and processes,154    Subconscious and altered states and processes
164,155,155,3,Differential and developmental psychology,155    Differential and developmental psychology
165,156,156,3,Comparative psychology,156    Comparative psychology
166,157,157,3,"No longer used — formerly ""Emotions""","157    No longer used — formerly ""Emotions"""
167,158,158,3,Applied psychology,158    Applied psychology
168,159,159,3,"No longer used — formerly ""Will""","159    No longer used — formerly ""Will"""
170,160,160,3,Philosophical logic,160    Philosophical logic
171,161,161,3,Induction,161    Induction
172,162,162,3,Deduction,162    Deduction
173,163,163,3,164 Not assigned or no longer used,163    164 Not assigned or no longer used
174,165,165,3,Fallacies and sources of error,165    Fallacies and sources of error
175,166,166,3,Syllogisms,166    Syllogisms
176,167,167,3,Hypotheses,167    Hypotheses
177,168,168,3,Argument and persuasion,168    Argument and persuasion
178,169,169,3,Analogy,169    Analogy
180,170,170,3,Ethics (Moral philosophy),170    Ethics (Moral philosophy)
181,171,171,3,Ethical systems,171    Ethical systems
182,172,172,3,Political ethics,172    Political ethics
183,173,173,3,Ethics of family relationships,173    Ethics of family relationships
184,174,174,3,Occupational ethics,174    Occupational ethics
185,175,175,3,"Ethics of recreation, leisure, public performances, communication","175    Ethics of recreation, leisure, public performances, communication"
186,176,176,3,Ethics of sex and reproduction,176    Ethics of sex and reproduction
187,177,177,3,Ethics of social relations,177    Ethics of social relations
188,178,178,3,Ethics of consumption,178    Ethics of consumption
189,179,179,3,Other ethical norms,179    Other ethical norms
191,180,180,3,"Ancient, medieval, eastern philosophy","180    Ancient, medieval, eastern philosophy"
192,181,181,3,Eastern philosophy,181    Eastern philosophy
193,182,182,3,Pre-Socratic Greek philosophies,182    Pre-Socratic Greek philosophies
194,183,183,3,"Sophistic, Socratic, related Greek philosophies","183    Sophistic, Socratic, related Greek philosophies"
195,184,184,3,Platonic philosophy,184    Platonic philosophy
196,185,185,3,Aristotelian philosophy,185    Aristotelian philosophy
197,186,186,3,Skeptic and Neoplatonic philosophies,186    Skeptic and Neoplatonic philosophies
198,187,187,3,Epicurean philosophy,187    Epicurean philosophy
199,188,188,3,Stoic philosophy,188    Stoic philosophy
200,189,189,3,Medieval Western philosophy,189    Medieval Western philosophy
202,190,190,3,Modern Western and other noneastern philosophy,190    Modern Western and other noneastern philosophy
203,191,191,3,Philosophy of the United States and Canada,191    Philosophy of the United States and Canada
204,192,192,3,Philosophy of the British Isles,192    Philosophy of the British Isles
205,193,193,3,Philosophy of Germany and Austria,193    Philosophy of Germany and Austria
206,194,194,3,Philosophy of France,194    Philosophy of France
207,195,195,3,Philosophy of Italy,195    Philosophy of Italy
208,196,196,3,Philosophy of Spain and Portugal,196    Philosophy of Spain and Portugal
209,197,197,3,Philosophy of Russia,197    Philosophy of Russia
210,198,198,3,Philosophy of Scandinavia and Finland,198    Philosophy of Scandinavia and Finland
211,199,199,3,Philosophy in other geographic areas,199    Philosophy in other geographic areas
214,200,200,3,Religion,200    Religion
215,201,201,3,"Religious mythology, general classes of religion, interreligious relations and attitudes, social theology","201    Religious mythology, general classes of religion, interreligious relations and attitudes, social theology"
216,202,202,3,Doctrines,202    Doctrines
217,203,203,3,Public worship and other practices,203    Public worship and other practices
218,204,204,3,"Religious experience, life, practice","204    Religious experience, life, practice"
219,205,205,3,Religious ethics,205    Religious ethics
220,206,206,3,Leaders and organization,206    Leaders and organization
221,207,207,3,Missions and religious education,207    Missions and religious education
222,208,208,3,Sources,208    Sources
223,209,209,3,Sects and reform movements,209    Sects and reform movements
225,210,210,3,Philosophy and theory of religion,210    Philosophy and theory of religion
226,211,211,3,Concepts of God,211    Concepts of God
227,212,212,3,"Existence, ways of knowing God, attributes of God","212    Existence, ways of knowing God, attributes of God"
228,213,213,3,Creation,213    Creation
229,214,214,3,Theodicy,214    Theodicy
230,215,215,3,Science and religion,215    Science and religion
231,216,216,3,No longer used—formerly Evil,216    No longer used—formerly Evil
232,217,217,3,No longer used—formerly Prayer,217    No longer used—formerly Prayer
233,218,218,3,Humankind,218    Humankind
234,219,219,3,No longer used—formerly Analogies,219    No longer used—formerly Analogies
236,220,220,3,Bible,220    Bible
237,221,221,3,Old Testament,221    Old Testament
238,222,222,3,Historical books of Old Testament,222    Historical books of Old Testament
239,223,223,3,Poetic books of Old Testament,223    Poetic books of Old Testament
240,224,224,3,Prophetic books of Old Testament,224    Prophetic books of Old Testament
241,225,225,3,New Testament,225    New Testament
242,226,226,3,Gospels and Acts,226    Gospels and Acts
243,227,227,3,Epistles,227    Epistles
244,228,228,3,Revelation (Apocalypse),228    Revelation (Apocalypse)
245,229,229,3,"Apocrypha, pseudepigrapha, and inter-testamental works","229    Apocrypha, pseudepigrapha, and inter-testamental works"
247,230,230,3,Christianity,230    Christianity
248,231,231,3,God,231    God
249,232,232,3,Jesus Christ and his family,232    Jesus Christ and his family
250,233,233,3,Humankind,233    Humankind
251,234,234,3,Salvation and grace,234    Salvation and grace
252,235,235,3,Spiritual beings,235    Spiritual beings
253,236,236,3,Eschatology,236    Eschatology
254,237,237,3,No longer used—formerly Future state,237    No longer used—formerly Future state
255,238,238,3,"Creeds, confessions of faith, covenants, and catechisms","238    Creeds, confessions of faith, covenants, and catechisms"
256,239,239,3,Apologetics and polemics,239    Apologetics and polemics
258,240,240,3,Christian moral and devotional theology,240    Christian moral and devotional theology
259,241,241,3,Christian ethics,241    Christian ethics
260,242,242,3,Devotional literature,242    Devotional literature
261,243,243,3,Evangelistic writings for individuals and families,243    Evangelistic writings for individuals and families
262,244,244,3,No longer used—formerly Religious fiction,244    No longer used—formerly Religious fiction
263,245,245,3,No longer used—formerly Hymnology,245    No longer used—formerly Hymnology
264,246,246,3,Use of art in Christianity,246    Use of art in Christianity
265,247,247,3,Church furnishings and related articles,247    Church furnishings and related articles
266,248,248,3,"Christian experience, practice, life","248    Christian experience, practice, life"
267,249,249,3,Christian observances in family life,249    Christian observances in family life
269,250,250,3,Local Christian church and Christian religious orders,250    Local Christian church and Christian religious orders
270,251,251,3,Preaching (Homiletics),251    Preaching (Homiletics)
271,252,252,3,Texts of sermons,252    Texts of sermons
272,253,253,3,Pastoral office and work (Pastoral theology),253    Pastoral office and work (Pastoral theology)
273,254,254,3,Parish administration,254    Parish administration
274,255,255,3,Religious congregations and orders,255    Religious congregations and orders
275,256,256,3,"No longer used — formerly ""Religious societies""","256    No longer used — formerly ""Religious societies"""
276,257,257,3,"No longer used — formerly ""Parochial schools, libraries"", etc.","257    No longer used — formerly ""Parochial schools, libraries"", etc."
277,258,258,3,"No longer used — formerly ""Parochial medicine""","258    No longer used — formerly ""Parochial medicine"""
278,259,259,3,"Pastoral care of families, of specific groups of people","259    Pastoral care of families, of specific groups of people"
280,260,260,3,Christian social and ecclesiastical theology,260    Christian social and ecclesiastical theology
281,261,261,3,Social theology and interreligious relations and attitudes,261    Social theology and interreligious relations and attitudes
282,262,262,3,Ecclesiology,262    Ecclesiology
283,263,263,3,"Days, times, places of religious observance","263    Days, times, places of religious observance"
284,264,264,3,Public worship,264    Public worship
285,265,265,3,"Sacraments, other rites and acts","265    Sacraments, other rites and acts"
286,266,266,3,Missions,266    Missions
287,267,267,3,Associations for religious work,267    Associations for religious work
288,268,268,3,Religious education,268    Religious education
289,269,269,3,Spiritual renewal,269    Spiritual renewal
291,270,270,3,"History, geographic treatment, biography of Christianity","270    History, geographic treatment, biography of Christianity"
292,271,271,3,Religious congregations and orders in church history,271    Religious congregations and orders in church history
293,272,272,3,Persecutions in church history,272    Persecutions in church history
294,273,273,3,Doctrinal controversies and heresies in general church history,273    Doctrinal controversies and heresies in general church history
295,274,274,3,Christianity in Europe,274    Christianity in Europe
296,275,275,3,Christianity in Asia,275    Christianity in Asia
297,276,276,3,Christianity in Africa,276    Christianity in Africa
298,277,277,3,Christianity in North America,277    Christianity in North America
299,278,278,3,Christianity in South America,278    Christianity in South America
300,279,279,3,History of Christianity in other areas,279    History of Christianity in other areas
302,280,280,3,Denominations and sects of Christian church,280    Denominations and sects of Christian church
303,281,281,3,Early church and Eastern churches,281    Early church and Eastern churches
304,282,282,3,Roman Catholic Church,282    Roman Catholic Church
305,283,283,3,Anglican churches,283    Anglican churches
306,284,284,3,Protestant denominations of Continental origin and related body,284    Protestant denominations of Continental origin and related body
307,285,285,3,"Presbyterian churches, Reformed churches centered in America, Congregational churches","285    Presbyterian churches, Reformed churches centered in America, Congregational churches"
308,286,286,3,"Baptist, Restoration Movement, Adventist churches","286    Baptist, Restoration Movement, Adventist churches"
309,287,287,3,Methodist churches; churches related to Methodism,287    Methodist churches; churches related to Methodism
310,288,288,3,"No longer used — formerly ""Unitarian""","288    No longer used — formerly ""Unitarian"""
311,289,289,3,Other denominations and sects,289    Other denominations and sects
313,290,290,3,Other religions,290    Other religions
314,291,291,3,"No longer used — formerly ""Comparative religion""","291    No longer used — formerly ""Comparative religion"""
315,292,292,3,Classical religion (Greek and Roman religion),292    Classical religion (Greek and Roman religion)
316,293,293,3,Germanic religion,293    Germanic religion
317,294,294,3,Religions of Indic origin,294    Religions of Indic origin
318,295,295,3,"Zoroastrianism (Mazdaism, Parseeism)","295    Zoroastrianism (Mazdaism, Parseeism)"
319,296,296,3,Judaism,296    Judaism
320,297,297,3,"Islam, Bábism and Baháʼí Faith","297    Islam, Bábism and Baháʼí Faith"
321,298,298,3,"No longer used — formerly ""Mormonism""","298    No longer used — formerly ""Mormonism"""
322,299,299,3,Religions not provided for elsewhere,299    Religions not provided for elsewhere
325,300,300,3,Social sciences,300    Social sciences
326,301,301,3,Sociology and anthropology,301    Sociology and anthropology
327,302,302,3,Social interaction,302    Social interaction
328,303,303,3,Social processes,303    Social processes
329,304,304,3,Factors affecting social behavior,304    Factors affecting social behavior
330,305,305,3,Groups of people,305    Groups of people
331,306,306,3,Culture and institutions,306    Culture and institutions
332,307,307,3,Communities,307    Communities
333,308,308,3,"No longer used — formerly ""Polygraphy""","308    No longer used — formerly ""Polygraphy"""
334,309,309,3,"No longer used — formerly ""History of sociology""","309    No longer used — formerly ""History of sociology"""
336,310,310,3,Collections of general statistics,310    Collections of general statistics
337,311,311,3,"No longer used — formerly ""Theory and methods""","311    No longer used — formerly ""Theory and methods"""
338,312,312,3,"No longer used — formerly ""Population""","312    No longer used — formerly ""Population"""
339,313,313,3,"No longer used — formerly ""Special topics""","313    No longer used — formerly ""Special topics"""
340,314,314,3,General statistics of Europe,314    General statistics of Europe
341,315,315,3,General statistics of Asia,315    General statistics of Asia
342,316,316,3,General statistics of Africa,316    General statistics of Africa
343,317,317,3,General statistics of North America,317    General statistics of North America
344,318,318,3,General statistics of South America,318    General statistics of South America
345,319,319,3,"General statistics of Australasia, Pacific Ocean islands, Atlantic Ocean islands, Arctic islands, Antarctica","319    General statistics of Australasia, Pacific Ocean islands, Atlantic Ocean islands, Arctic islands, Antarctica"
347,320,320,3,Political science (Politics and government),320    Political science (Politics and government)
348,321,321,3,Systems of governments and states,321    Systems of governments and states
349,322,322,3,Relation of state to organized groups and their members,322    Relation of state to organized groups and their members
350,323,323,3,Civil and political rights,323    Civil and political rights
351,324,324,3,The political process,324    The political process
352,325,325,3,International migration and colonization,325    International migration and colonization
353,326,326,3,Slavery and emancipation,326    Slavery and emancipation
354,327,327,3,International relations,327    International relations
355,328,328,3,The legislative process,328    The legislative process
356,329,329,3,Not assigned or no longer used,329    Not assigned or no longer used
358,330,330,3,Economics,330    Economics
359,331,331,3,Labor economics,331    Labor economics
360,332,332,3,Financial economics,332    Financial economics
361,333,333,3,Economics of land and energy,333    Economics of land and energy
362,334,334,3,Cooperatives,334    Cooperatives
363,335,335,3,Socialism and related systems,335    Socialism and related systems
364,336,336,3,Public finance,336    Public finance
365,337,337,3,International economics,337    International economics
366,338,338,3,Production,338    Production
367,339,339,3,Macroeconomics and related topics,339    Macroeconomics and related topics
369,340,340,3,Law,340    Law
370,341,341,3,Law of nations,341    Law of nations
371,342,342,3,Constitutional and administrative law,342    Constitutional and administrative law
372,343,343,3,"Military, defense, public property, public finance, tax, commerce (trade), industrial law","343    Military, defense, public property, public finance, tax, commerce (trade), industrial law"
373,344,344,3,"Labor, social service, education, cultural law","344    Labor, social service, education, cultural law"
374,345,345,3,Criminal law,345    Criminal law
375,346,346,3,Private law,346    Private law
376,347,347,3,Procedure and courts,347    Procedure and courts
377,348,348,3,"Laws, regulations, cases","348    Laws, regulations, cases"
378,349,349,3,"Law of specific jurisdictions, areas, socioeconomic regions, regional intergovernmental organizations","349    Law of specific jurisdictions, areas, socioeconomic regions, regional intergovernmental organizations"
380,350,350,3,Public administration and military science,350    Public administration and military science
381,351,351,3,Public administration,351    Public administration
382,352,352,3,General considerations of public administration,352    General considerations of public administration
383,353,353,3,Specific fields of public administration,353    Specific fields of public administration
384,354,354,3,Public administration of economy and environment,354    Public administration of economy and environment
385,355,355,3,Military science,355    Military science
386,356,356,3,Foot forces and warfare,356    Foot forces and warfare
387,357,357,3,Mounted forces and warfare,357    Mounted forces and warfare
388,358,358,3,Air and other specialized forces and warfare; engineering and related services,358    Air and other specialized forces and warfare; engineering and related services
389,359,359,3,Sea forces and warfare,359    Sea forces and warfare
391,360,360,3,Social problems and services; associations,360    Social problems and services; associations
392,361,361,3,Social problems and services,361    Social problems and services
393,362,362,3,Social problems of and services to groups of people,362    Social problems of and services to groups of people
394,363,363,3,Other social problems and services,363    Other social problems and services
395,364,364,3,Criminology,364    Criminology
396,365,365,3,Penal and related institutions,365    Penal and related institutions
397,366,366,3,Secret associations and societies,366    Secret associations and societies
398,367,367,3,General clubs,367    General clubs
399,368,368,3,Insurance,368    Insurance
400,369,369,3,Associations,369    Associations
402,370,370,3,Education,370    Education
403,371,371,3,"Schools and their activities, special education","371    Schools and their activities, special education"
404,372,372,3,Primary education (elementary education),372    Primary education (elementary education)
405,373,373,3,Secondary education,373    Secondary education
406,374,374,3,Adult education,374    Adult education
407,375,375,3,Curricula,375    Curricula
408,376,376,3,"No longer used — formerly ""Education of women""","376    No longer used — formerly ""Education of women"""
409,377,377,3,"No longer used — formerly ""Ethical education""","377    No longer used — formerly ""Ethical education"""
410,378,378,3,Higher education (Tertiary education),378    Higher education (Tertiary education)
411,379,379,3,Public policy issues in education,379    Public policy issues in education
413,380,380,3,"Commerce, communications transportation","380    Commerce, communications transportation"
414,381,381,3,Commerce (Trade),381    Commerce (Trade)
415,382,382,3,International commerce (Foreign trade),382    International commerce (Foreign trade)
416,383,383,3,Postal communication,383    Postal communication
417,384,384,3,Communications,384    Communications
418,385,385,3,Railroad transportation,385    Railroad transportation
419,386,386,3,Inland waterway and ferry transportation,386    Inland waterway and ferry transportation
420,387,387,3,"Water, air, space transportation","387    Water, air, space transportation"
421,388,388,3,Transportation,388    Transportation
422,389,389,3,Metrology and standardization,389    Metrology and standardization
424,390,390,3,"Customs, etiquette, folklore","390    Customs, etiquette, folklore"
425,391,391,3,Costume and personal appearance,391    Costume and personal appearance
426,392,392,3,Customs of life cycle and domestic life,392    Customs of life cycle and domestic life
427,393,393,3,Death customs,393    Death customs
428,394,394,3,General customs,394    General customs
429,395,395,3,Etiquette (Manners),395    Etiquette (Manners)
430,396,396,3,"No longer used — formerly ""Women's position and treatment""","396    No longer used — formerly ""Women's position and treatment"""
431,397,397,3,"No longer used — formerly ""outcast studies""","397    No longer used — formerly ""outcast studies"""
432,398,398,3,Folklore,398    Folklore
433,399,399,3,Customs of war and diplomacy,399    Customs of war and diplomacy
436,400,400,3,Language,400    Language
437,401,401,3,"Philosophy and theory, international languages","401    Philosophy and theory, international languages"
438,402,402,3,Miscellany,402    Miscellany
439,403,403,3,"Dictionaries, encyclopedias, concordances","403    Dictionaries, encyclopedias, concordances"
440,404,404,3,Special topics of language,404    Special topics of language
441,405,405,3,Serial publications,405    Serial publications
442,406,406,3,Organizations and management,406    Organizations and management
443,407,407,3,"Education, research, related topics","407    Education, research, related topics"
444,408,408,3,Groups of people,408    Groups of people
445,409,409,3,Geographic treatment and biography,409    Geographic treatment and biography
447,410,410,3,Linguistics,410    Linguistics
448,411,411,3,Writing systems of standard forms of languages,411    Writing systems of standard forms of languages
449,412,412,3,Etymology of standard forms of languages,412    Etymology of standard forms of languages
450,413,413,3,Dictionaries of standard forms of languages,413    Dictionaries of standard forms of languages
451,414,414,3,Phonology and phonetics of standard forms of languages,414    Phonology and phonetics of standard forms of languages
452,415,415,3,Grammar of standard forms of languages,415    Grammar of standard forms of languages
453,416,416,3,"No longer used — formerly ""Prosody""","416    No longer used — formerly ""Prosody"""
454,417,417,3,Dialectology and historical linguistics,417    Dialectology and historical linguistics
455,418,418,3,Standard usage (Prescriptive linguistics),418    Standard usage (Prescriptive linguistics)
456,419,419,3,Sign languages,419    Sign languages
458,420,420,3,English and Old English (Anglo-Saxon),420    English and Old English (Anglo-Saxon)
459,421,421,3,"Writing system, phonology, phonetics of standard English","421    Writing system, phonology, phonetics of standard English"
460,422,422,3,Etymology of standard English,422    Etymology of standard English
461,423,423,3,Dictionaries of standard English,423    Dictionaries of standard English
462,424,424,3,"No longer used — formerly ""English thesauruses""","424    No longer used — formerly ""English thesauruses"""
463,425,425,3,Grammar of standard English,425    Grammar of standard English
464,426,426,3,"No longer used — formerly ""English prosodies""","426    No longer used — formerly ""English prosodies"""
465,427,427,3,"Historical and geographical variations, modern nongeographic variations of English","427    Historical and geographical variations, modern nongeographic variations of English"
466,428,428,3,Standard English usage (Prescriptive linguistics),428    Standard English usage (Prescriptive linguistics)
467,429,429,3,Old English (Anglo-Saxon),429    Old English (Anglo-Saxon)
469,430,430,3,German and related languages,430    German and related languages
470,431,431,3,"Writing systems, phonology, phonetics of standard German","431    Writing systems, phonology, phonetics of standard German"
471,432,432,3,Etymology of standard German,432    Etymology of standard German
472,433,433,3,Dictionaries of standard German,433    Dictionaries of standard German
473,434,434,3,Not assigned or no longer used,434    Not assigned or no longer used
474,435,435,3,Grammar of standard German,435    Grammar of standard German
475,436,436,3,Not assigned or no longer used,436    Not assigned or no longer used
476,437,437,3,"Historical and geographic variations, modern nongeographic variations of German","437    Historical and geographic variations, modern nongeographic variations of German"
477,438,438,3,Standard German usage (Prescriptive linguistics),438    Standard German usage (Prescriptive linguistics)
478,439,439,3,Other Germanic languages,439    Other Germanic languages
480,440,440,3,French and related Romance languages,440    French and related Romance languages
481,441,441,3,"Writing systems, phonology, phonetics of standard French","441    Writing systems, phonology, phonetics of standard French"
482,442,442,3,Etymology of standard French,442    Etymology of standard French
483,443,443,3,Dictionaries of standard French,443    Dictionaries of standard French
484,444,444,3,Not assigned or no longer used,444    Not assigned or no longer used
485,445,445,3,Grammar of standard French,445    Grammar of standard French
486,446,446,3,Not assigned or no longer used,446    Not assigned or no longer used
487,447,447,3,"Historical and geographic variations, modern nongeographic variations of French","447    Historical and geographic variations, modern nongeographic variations of French"
488,448,448,3,Standard French usage (Prescriptive linguistics),448    Standard French usage (Prescriptive linguistics)
489,449,449,3,"Occitan Catalan, Franco-Provençal","449    Occitan Catalan, Franco-Provençal"
491,450,450,3,"Italian, Dalmatian, Romanian, Rhaetian, Sardinian, Corsican","450    Italian, Dalmatian, Romanian, Rhaetian, Sardinian, Corsican"
492,451,451,3,"Writing systems, phonology, phonetics of standard Italian","451    Writing systems, phonology, phonetics of standard Italian"
493,452,452,3,Etymology of standard Italian,452    Etymology of standard Italian
494,453,453,3,Dictionaries of standard Italian,453    Dictionaries of standard Italian
495,454,454,3,Not assigned or no longer used,454    Not assigned or no longer used
496,455,455,3,Grammar of standard Italian,455    Grammar of standard Italian
497,456,456,3,Not assigned or no longer used,456    Not assigned or no longer used
498,457,457,3,"Historical and geographic variations, modern nongeographic variations of Italian","457    Historical and geographic variations, modern nongeographic variations of Italian"
499,458,458,3,Standard Italian usage (Prescriptive linguistics),458    Standard Italian usage (Prescriptive linguistics)
500,459,459,3,"Romanian, Rhaetian, Sardinian, Corsican","459    Romanian, Rhaetian, Sardinian, Corsican"
502,460,460,3,"Spanish, Portuguese, Galician","460    Spanish, Portuguese, Galician"
503,461,461,3,"Writing systems, phonology, phonetics of standard Spanish","461    Writing systems, phonology, phonetics of standard Spanish"
504,462,462,3,Etymology of standard Spanish,462    Etymology of standard Spanish
505,463,463,3,Dictionaries of standard Spanish,463    Dictionaries of standard Spanish
506,464,464,3,Not assigned or no longer used,464    Not assigned or no longer used
507,465,465,3,Grammar of standard Spanish,465    Grammar of standard Spanish
508,466,466,3,Not assigned or no longer used,466    Not assigned or no longer used
509,467,467,3,"Historical and geographic variations, modern nongeographic variations of Spanish","467    Historical and geographic variations, modern nongeographic variations of Spanish"
510,468,468,3,Standard Spanish usage (Prescriptive linguistics),468    Standard Spanish usage (Prescriptive linguistics)
511,469,469,3,Portuguese,469    Portuguese
513,470,470,3,Latin and related Italic languages,470    Latin and related Italic languages
514,471,471,3,"Writing systems, phonology, phonetics of classical Latin","471    Writing systems, phonology, phonetics of classical Latin"
515,472,472,3,Etymology of classical Latin,472    Etymology of classical Latin
516,473,473,3,Dictionaries of classical Latin,473    Dictionaries of classical Latin
517,474,474,3,Not assigned or no longer used,474    Not assigned or no longer used
518,475,475,3,Grammar of classical Latin,475    Grammar of classical Latin
519,476,476,3,Not assigned or no longer used,476    Not assigned or no longer used
520,477,477,3,"Old, postclassical, Vulgar Latin","477    Old, postclassical, Vulgar Latin"
521,478,478,3,Classical Latin usage (Prescriptive linguistics),478    Classical Latin usage (Prescriptive linguistics)
522,479,479,3,Other Italic languages,479    Other Italic languages
524,480,480,3,Classical Greek and related Hellenic languages,480    Classical Greek and related Hellenic languages
525,481,481,3,"Writing systems, phonology, phonetics of classical Greek","481    Writing systems, phonology, phonetics of classical Greek"
526,482,482,3,Etymology of classical Greek,482    Etymology of classical Greek
527,483,483,3,Dictionaries of classical Greek,483    Dictionaries of classical Greek
528,484,484,3,Not assigned or no longer used,484    Not assigned or no longer used
529,485,485,3,Grammar of classical Greek,485    Grammar of classical Greek
530,486,486,3,Not assigned or no longer used,486    Not assigned or no longer used
531,487,487,3,Preclassical and postclassical Greek,487    Preclassical and postclassical Greek
532,488,488,3,Classical Greek usage (Prescriptive linguistics),488    Classical Greek usage (Prescriptive linguistics)
533,489,489,3,Other Hellenic languages,489    Other Hellenic languages
535,490,490,3,Other languages,490    Other languages
536,491,491,3,East Indo-European and Celtic languages,491    East Indo-European and Celtic languages
537,492,492,3,Afro-Asiatic languages,492    Afro-Asiatic languages
538,493,493,3,Non-Semitic Afro-Asiatic languages,493    Non-Semitic Afro-Asiatic languages
539,494,494,3,"Altic, Uralic, Hyperborean, Dravidian languages, miscellaneous languages of south Asia","494    Altic, Uralic, Hyperborean, Dravidian languages, miscellaneous languages of south Asia"
540,495,495,3,Languages of East and Southeast Asia,495    Languages of East and Southeast Asia
541,496,496,3,African languages,496    African languages
542,497,497,3,North American native languages,497    North American native languages
543,498,498,3,South American native languages,498    South American native languages
544,499,499,3,"Non-Austronesian languages of Oceania, Austronesian languages, miscellaneous languages","499    Non-Austronesian languages of Oceania, Austronesian languages, miscellaneous languages"
547,500,500,3,Natural sciences and mathematics,500    Natural sciences and mathematics
548,501,501,3,Philosophy and theory,501    Philosophy and theory
549,502,502,3,Miscellany,502    Miscellany
550,503,503,3,"Dictionaries, encyclopedias, concordances","503    Dictionaries, encyclopedias, concordances"
551,504,504,3,Not assigned or no longer used,504    Not assigned or no longer used
552,505,505,3,Serial publications,505    Serial publications
553,506,506,3,Organizations and management,506    Organizations and management
554,507,507,3,"Education, research, related topics","507    Education, research, related topics"
555,508,508,3,Natural history,508    Natural history
556,509,509,3,"History, geographic treatment, biography","509    History, geographic treatment, biography"
558,510,510,3,Mathematics,510    Mathematics
559,511,511,3,General principles of mathematics,511    General principles of mathematics
560,512,512,3,Algebra,512    Algebra
561,513,513,3,Arithmetic,513    Arithmetic
562,514,514,3,Topology,514    Topology
563,515,515,3,Analysis,515    Analysis
564,516,516,3,Geometry,516    Geometry
565,517,517,3,Not assigned or no longer used,517    Not assigned or no longer used
566,518,518,3,Numerical analysis,518    Numerical analysis
567,519,519,3,Probabilities and applied mathematics,519    Probabilities and applied mathematics
569,520,520,3,Astronomy and allied sciences,520    Astronomy and allied sciences
570,521,521,3,Celestial mechanics,521    Celestial mechanics
571,522,522,3,"Techniques, procedures, apparatus, equipment, materials","522    Techniques, procedures, apparatus, equipment, materials"
572,523,523,3,Specific celestial bodies and phenomena,523    Specific celestial bodies and phenomena
573,524,524,3,Not assigned or no longer used,524    Not assigned or no longer used
574,525,525,3,Earth (Astronomical geography),525    Earth (Astronomical geography)
575,526,526,3,Mathematical geography,526    Mathematical geography
576,527,527,3,Celestial navigation,527    Celestial navigation
577,528,528,3,Ephemerides,528    Ephemerides
578,529,529,3,Chronology,529    Chronology
580,530,530,3,Physics,530    Physics
581,531,531,3,Classical mechanics,531    Classical mechanics
582,532,532,3,Fluid mechanics,532    Fluid mechanics
583,533,533,3,Pneumatics (Gas mechanics),533    Pneumatics (Gas mechanics)
584,534,534,3,Sound and related vibrations,534    Sound and related vibrations
585,535,535,3,Light and related radiation,535    Light and related radiation
586,536,536,3,Heat,536    Heat
587,537,537,3,Electricity and electronics,537    Electricity and electronics
588,538,538,3,Magnetism,538    Magnetism
589,539,539,3,Modern physics,539    Modern physics
591,540,540,3,Chemistry and allied sciences,540    Chemistry and allied sciences
592,541,541,3,Physical chemistry,541    Physical chemistry
593,542,542,3,"Techniques, procedures, apparatus, equipment, materials","542    Techniques, procedures, apparatus, equipment, materials"
594,543,543,3,Analytical chemistry,543    Analytical chemistry
595,544,544,3,"No longer used — formerly ""Qualitative analysis""","544    No longer used — formerly ""Qualitative analysis"""
596,545,545,3,"No longer used — formerly ""Quantitative analysis""","545    No longer used — formerly ""Quantitative analysis"""
597,546,546,3,Inorganic chemistry,546    Inorganic chemistry
598,547,547,3,Organic chemistry,547    Organic chemistry
599,548,548,3,Crystallography,548    Crystallography
600,549,549,3,Mineralogy,549    Mineralogy
602,550,550,3,Earth sciences,550    Earth sciences
603,551,551,3,"Geology, hydrology, meteorology","551    Geology, hydrology, meteorology"
604,552,552,3,Petrology,552    Petrology
605,553,553,3,Economic geology,553    Economic geology
606,554,554,3,Earth sciences of Europe,554    Earth sciences of Europe
607,555,555,3,Earth sciences of Asia,555    Earth sciences of Asia
608,556,556,3,Earth sciences of Africa,556    Earth sciences of Africa
609,557,557,3,Earth sciences of North America,557    Earth sciences of North America
610,558,558,3,Earth sciences of South America,558    Earth sciences of South America
611,559,559,3,"Earth sciences of Australasia, Pacific Ocean islands, Atlantic Ocean islands, Arctic islands, Antarctica, extraterrestrial worlds","559    Earth sciences of Australasia, Pacific Ocean islands, Atlantic Ocean islands, Arctic islands, Antarctica, extraterrestrial worlds"
613,560,560,3,Paleontology,560    Paleontology
614,561,561,3,"Paleobotany, fossil microorganisms","561    Paleobotany, fossil microorganisms"
615,562,562,3,Fossil invertebrates,562    Fossil invertebrates
616,563,563,3,Miscellaneous fossil marine and seashore invertebrates,563    Miscellaneous fossil marine and seashore invertebrates
617,564,564,3,Fossil Mollusca and Molluscoidea,564    Fossil Mollusca and Molluscoidea
618,565,565,3,Fossil Arthropoda,565    Fossil Arthropoda
619,566,566,3,Fossil Chordata,566    Fossil Chordata
620,567,567,3,Fossil cold-blooded vertebrates,567    Fossil cold-blooded vertebrates
621,568,568,3,Fossil Aves (birds),568    Fossil Aves (birds)
622,569,569,3,Fossil Mammalia,569    Fossil Mammalia
624,570,570,3,Biology,570    Biology
625,571,571,3,Physiology and related subjects,571    Physiology and related subjects
626,572,572,3,Biochemistry,572    Biochemistry
627,573,573,3,"Specific physiological systems in animals, regional histology and physiology in animals","573    Specific physiological systems in animals, regional histology and physiology in animals"
628,574,574,3,Not assigned or no longer used,574    Not assigned or no longer used
629,575,575,3,Specific parts of and physiological systems in plants,575    Specific parts of and physiological systems in plants
630,576,576,3,Genetics and evolution,576    Genetics and evolution
631,577,577,3,Ecology,577    Ecology
632,578,578,3,Natural history of organisms and related subjects,578    Natural history of organisms and related subjects
633,579,579,3,"Natural history of microorganisms, fungi, algae","579    Natural history of microorganisms, fungi, algae"
635,580,580,3,Plants,580    Plants
636,581,581,3,Specific topics in natural history of plants,581    Specific topics in natural history of plants
637,582,582,3,Plants noted for specific vegetative characteristics and flowers,582    Plants noted for specific vegetative characteristics and flowers
638,583,583,3,Magnoliopsida (Dicotyledones),583    Magnoliopsida (Dicotyledones)
639,584,584,3,Liliopsida (Monocotyledones),584    Liliopsida (Monocotyledones)
640,585,585,3,Pinophyta (Gymnosperms),585    Pinophyta (Gymnosperms)
641,586,586,3,Cryptogamia (Seedless plants),586    Cryptogamia (Seedless plants)
642,587,587,3,Pteridophyta,587    Pteridophyta
643,588,588,3,Bryophyta,588    Bryophyta
644,589,589,3,No longer used—formerly Forestry,589    No longer used—formerly Forestry
646,590,590,3,Animals,590    Animals
647,591,591,3,Specific topics in natural history of animals,591    Specific topics in natural history of animals
648,592,592,3,Invertebrates,592    Invertebrates
649,593,593,3,Miscellaneous marine and seashore invertebrates,593    Miscellaneous marine and seashore invertebrates
650,594,594,3,Mollusca and Molluscoidea,594    Mollusca and Molluscoidea
651,595,595,3,Arthropoda,595    Arthropoda
652,596,596,3,Chordata,596    Chordata
653,597,597,3,Cold-blooded vertebrates,597    Cold-blooded vertebrates
654,598,598,3,Aves (Birds),598    Aves (Birds)
655,599,599,3,Mammalia (Mammals),599    Mammalia (Mammals)
658,600,600,3,Technology (Applied sciences),600    Technology (Applied sciences)
659,601,601,3,Philosophy and theory,601    Philosophy and theory
660,602,602,3,Miscellany,602    Miscellany
661,603,603,3,"Dictionaries, encyclopedias, concordances","603    Dictionaries, encyclopedias, concordances"
662,604,604,3,"Technical drawing, hazardous materials technology; groups of people","604    Technical drawing, hazardous materials technology; groups of people"
663,605,605,3,Serial publications,605    Serial publications
664,606,606,3,Organizations,606    Organizations
665,607,607,3,"Education, research, related topics","607    Education, research, related topics"
666,608,608,3,Patents,608    Patents
667,609,609,3,"History, geographic treatment, biography","609    History, geographic treatment, biography"
669,610,610,3,Medicine and health,610    Medicine and health
670,611,611,3,"Human anatomy, cytology, histology","611    Human anatomy, cytology, histology"
671,612,612,3,Human physiology,612    Human physiology
672,613,613,3,Personal health and safety,613    Personal health and safety
673,614,614,3,"Forensic medicine; incidence of injuries, wounds, disease; public preventive medicine","614    Forensic medicine; incidence of injuries, wounds, disease; public preventive medicine"
674,615,615,3,Pharmacology and therapeutics,615    Pharmacology and therapeutics
675,616,616,3,Diseases,616    Diseases
676,617,617,3,"Surgery, regional medicine, dentistry, ophthalmology, otology, audiology","617    Surgery, regional medicine, dentistry, ophthalmology, otology, audiology"
677,618,618,3,"Gynecology, obstetrics, pediatrics, geriatrics","618    Gynecology, obstetrics, pediatrics, geriatrics"
678,619,619,3,No longer used—formerly Experimental medicine,619    No longer used—formerly Experimental medicine
680,620,620,3,Engineering and applied operations,620    Engineering and applied operations
681,621,621,3,Applied physics,621    Applied physics
682,622,622,3,Mining and related operations,622    Mining and related operations
683,623,623,3,Military and nautical engineering,623    Military and nautical engineering
684,624,624,3,Civil engineering,624    Civil engineering
685,625,625,3,"Engineering of railroads, roads","625    Engineering of railroads, roads"
686,626,626,3,Not assigned or no longer used,626    Not assigned or no longer used
687,627,627,3,Hydraulic engineering,627    Hydraulic engineering
688,628,628,3,Sanitary engineering,628    Sanitary engineering
689,629,629,3,Other branches of engineering,629    Other branches of engineering
691,630,630,3,Agriculture and related technologies,630    Agriculture and related technologies
692,631,631,3,"Specific techniques; apparatus, equipment, materials","631    Specific techniques; apparatus, equipment, materials"
693,632,632,3,"Plant injuries, diseases, pests","632    Plant injuries, diseases, pests"
694,633,633,3,Field and plantation crops,633    Field and plantation crops
695,634,634,3,"Orchards, fruits, forestry","634    Orchards, fruits, forestry"
696,635,635,3,Garden crops (Horticulture),635    Garden crops (Horticulture)
697,636,636,3,Animal husbandry,636    Animal husbandry
698,637,637,3,Processing dairy and related products,637    Processing dairy and related products
699,638,638,3,Insect culture,638    Insect culture
700,639,639,3,"Hunting, fishing, conservation, related technologies","639    Hunting, fishing, conservation, related technologies"
702,640,640,3,Home and family management,640    Home and family management
703,641,641,3,Food and drink,641    Food and drink
704,642,642,3,Meals and table service,642    Meals and table service
705,643,643,3,Housing and household equipment,643    Housing and household equipment
706,644,644,3,Household utilities,644    Household utilities
707,645,645,3,Household furnishings,645    Household furnishings
708,646,646,3,"Sewing, clothing, management of personal and family life","646    Sewing, clothing, management of personal and family life"
709,647,647,3,Management of public households (Institutional housekeeping),647    Management of public households (Institutional housekeeping)
710,648,648,3,Housekeeping,648    Housekeeping
711,649,649,3,Child rearing; home care of people with disabilities and illnesses,649    Child rearing; home care of people with disabilities and illnesses
713,650,650,3,Management and auxiliary services,650    Management and auxiliary services
714,651,651,3,Office services,651    Office services
715,652,652,3,Processes of written communication,652    Processes of written communication
716,653,653,3,Shorthand,653    Shorthand
717,654,654,3,656 Not assigned or no longer used,654    656 Not assigned or no longer used
718,657,657,3,Accounting,657    Accounting
719,658,658,3,General management,658    General management
720,659,659,3,Advertising and public relations,659    Advertising and public relations
722,660,660,3,Chemical engineering and related technologies,660    Chemical engineering and related technologies
723,661,661,3,Technology of industrial chemicals,661    Technology of industrial chemicals
724,662,662,3,"Technology of explosives, fuels, related products","662    Technology of explosives, fuels, related products"
725,663,663,3,Beverage technology,663    Beverage technology
726,664,664,3,Food technology,664    Food technology
727,665,665,3,"Technology of industrial oils, fats, waxes, gases","665    Technology of industrial oils, fats, waxes, gases"
728,666,666,3,Ceramic and allied technologies,666    Ceramic and allied technologies
729,667,667,3,"Cleaning, color, coating, related technologies","667    Cleaning, color, coating, related technologies"
730,668,668,3,Technology of other organic products,668    Technology of other organic products
731,669,669,3,Metallurgy,669    Metallurgy
733,670,670,3,Manufacturing,670    Manufacturing
734,671,671,3,Metalworking processes and primary metal products,671    Metalworking processes and primary metal products
735,672,672,3,"Iron, steel, other iron alloys","672    Iron, steel, other iron alloys"
736,673,673,3,Nonferrous metals,673    Nonferrous metals
737,674,674,3,"Lumber processing, wood products, cork","674    Lumber processing, wood products, cork"
738,675,675,3,Leather and fur processing,675    Leather and fur processing
739,676,676,3,Pulp and paper technology,676    Pulp and paper technology
740,677,677,3,Textiles,677    Textiles
741,678,678,3,Elastomers and elastomer products,678    Elastomers and elastomer products
742,679,679,3,Other products of specific kinds of materials,679    Other products of specific kinds of materials
744,680,680,3,Manufacture of products for specific uses,680    Manufacture of products for specific uses
745,681,681,3,Precision instruments and other devices,681    Precision instruments and other devices
746,682,682,3,Small forge work (Blacksmithing),682    Small forge work (Blacksmithing)
747,683,683,3,Hardware and household appliances,683    Hardware and household appliances
748,684,684,3,Furnishings and home workshops,684    Furnishings and home workshops
749,685,685,3,"Leather and fur goods, and related products","685    Leather and fur goods, and related products"
750,686,686,3,Printing and related activities,686    Printing and related activities
751,687,687,3,Clothing and accessories,687    Clothing and accessories
752,688,688,3,"Other final products, and packaging technology","688    Other final products, and packaging technology"
753,689,689,3,Not assigned or no longer used,689    Not assigned or no longer used
755,690,690,3,Construction of buildings,690    Construction of buildings
756,691,691,3,Building materials,691    Building materials
757,692,692,3,Auxiliary construction practices,692    Auxiliary construction practices
758,693,693,3,Construction in specific types of materials and for specific purposes,693    Construction in specific types of materials and for specific purposes
759,694,694,3,Wood construction,694    Wood construction
760,695,695,3,Roof covering,695    Roof covering
761,696,696,3,Utilities,696    Utilities
762,697,697,3,"Heating, ventilating, air-conditioning engineering","697    Heating, ventilating, air-conditioning engineering"
763,698,698,3,Detail finishing,698    Detail finishing
764,699,699,3,Not assigned or no longer used,699    Not assigned or no longer used
767,700,700,3,The Arts,700    The Arts
768,701,701,3,Philosophy and theory of fine and decorative arts,701    Philosophy and theory of fine and decorative arts
769,702,702,3,Miscellany of fine and decorative arts,702    Miscellany of fine and decorative arts
770,703,703,3,"Dictionaries, encyclopedias, concordances of fine and decorative arts","703    Dictionaries, encyclopedias, concordances of fine and decorative arts"
771,704,704,3,Special topics in fine and decorative arts,704    Special topics in fine and decorative arts
772,705,705,3,Serial publications of fine and decorative arts,705    Serial publications of fine and decorative arts
773,706,706,3,Organizations and management of fine and decorative arts,706    Organizations and management of fine and decorative arts
774,707,707,3,"Education, research, related topics of fine and decorative arts","707    Education, research, related topics of fine and decorative arts"
775,708,708,3,"Galleries, museums, private collections of fine and decorative arts","708    Galleries, museums, private collections of fine and decorative arts"
776,709,709,3,"History, geographic treatment, biography","709    History, geographic treatment, biography"
778,710,710,3,Area planning and landscape architecture,710    Area planning and landscape architecture
779,711,711,3,Area planning (Civic art),711    Area planning (Civic art)
780,712,712,3,Landscape architecture (Landscape design),712    Landscape architecture (Landscape design)
781,713,713,3,Landscape architecture of trafficways,713    Landscape architecture of trafficways
782,714,714,3,Water features in landscape architecture,714    Water features in landscape architecture
783,715,715,3,Woody plants in landscape architecture,715    Woody plants in landscape architecture
784,716,716,3,Herbaceous plants in landscape architecture,716    Herbaceous plants in landscape architecture
785,717,717,3,Structures in landscape architecture,717    Structures in landscape architecture
786,718,718,3,Landscape design of cemeteries,718    Landscape design of cemeteries
787,719,719,3,Natural landscapes,719    Natural landscapes
789,720,720,3,Architecture,720    Architecture
790,721,721,3,Architectural materials and structural elements,721    Architectural materials and structural elements
791,722,722,3,Architecture from earliest times to c. 300,722    Architecture from earliest times to c. 300
792,723,723,3,Architecture from c. 300 to 1399,723    Architecture from c. 300 to 1399
793,724,724,3,Architecture from 1400,724    Architecture from 1400
794,725,725,3,Public structures,725    Public structures
795,726,726,3,Buildings for religious and related purposes,726    Buildings for religious and related purposes
796,727,727,3,Buildings for educational and research purposes,727    Buildings for educational and research purposes
797,728,728,3,Residential and related buildings,728    Residential and related buildings
798,729,729,3,Design and decoration of structures and accessories,729    Design and decoration of structures and accessories
800,730,730,3,Sculpture and related arts,730    Sculpture and related arts
801,731,731,3,"Processes, forms, subjects of sculpture","731    Processes, forms, subjects of sculpture"
802,732,732,3,"Sculpture from earliest times to c. 500, sculpture of non-literate peoples","732    Sculpture from earliest times to c. 500, sculpture of non-literate peoples"
803,733,733,3,"Greek, Etruscan, Roman sculpture","733    Greek, Etruscan, Roman sculpture"
804,734,734,3,Sculpture from ca 500 to 1399,734    Sculpture from ca 500 to 1399
805,735,735,3,Sculpture from 1400,735    Sculpture from 1400
806,736,736,3,Carving and carvings,736    Carving and carvings
807,737,737,3,Numismatics and sigillography,737    Numismatics and sigillography
808,738,738,3,Ceramic arts,738    Ceramic arts
809,739,739,3,Art metalwork,739    Art metalwork
811,740,740,3,Graphic arts,740    Graphic arts
812,741,741,3,Drawing and drawings,741    Drawing and drawings
813,742,742,3,Perspective in drawing,742    Perspective in drawing
814,743,743,3,Drawing and drawings by subject,743    Drawing and drawings by subject
815,744,744,3,Not assigned or no longer used,744    Not assigned or no longer used
816,745,745,3,Decorative arts,745    Decorative arts
817,746,746,3,Textile arts,746    Textile arts
818,747,747,3,Interior decoration,747    Interior decoration
819,748,748,3,Glass,748    Glass
820,749,749,3,Furniture and accessories,749    Furniture and accessories
822,750,750,3,Painting and paintings,750    Painting and paintings
823,751,751,3,"Techniques, procedures, apparatus, equipment, materials, forms","751    Techniques, procedures, apparatus, equipment, materials, forms"
824,752,752,3,Color,752    Color
825,753,753,3,"Symbolism, allegory, mythology, legend","753    Symbolism, allegory, mythology, legend"
826,754,754,3,Genre paintings,754    Genre paintings
827,755,755,3,Religion,755    Religion
828,756,756,3,Not assigned or no longer used,756    Not assigned or no longer used
829,757,757,3,Human figures,757    Human figures
830,758,758,3,"Nature, architectural subjects and cityscapes, other specific subjects","758    Nature, architectural subjects and cityscapes, other specific subjects"
831,759,759,3,"History, geographic treatment, biography","759    History, geographic treatment, biography"
833,760,760,3,Printmaking and prints,760    Printmaking and prints
834,761,761,3,Relief processes (Block printing),761    Relief processes (Block printing)
835,762,762,3,Not assigned or no longer used,762    Not assigned or no longer used
836,763,763,3,Lithographic processes (Planographic processes),763    Lithographic processes (Planographic processes)
837,764,764,3,Chromolithography and serigraphy,764    Chromolithography and serigraphy
838,765,765,3,Metal engraving,765    Metal engraving
839,766,766,3,"Mezzotinting, aquatinting, and related processes","766    Mezzotinting, aquatinting, and related processes"
840,767,767,3,Etching and drypoint,767    Etching and drypoint
841,768,768,3,Not assigned or no longer used,768    Not assigned or no longer used
842,769,769,3,Prints,769    Prints
844,770,770,3,"Photography, computer art, cinematography, videography","770    Photography, computer art, cinematography, videography"
845,771,771,3,"Techniques, procedures, apparatus, equipment, materials","771    Techniques, procedures, apparatus, equipment, materials"
846,772,772,3,Metallic salt processes,772    Metallic salt processes
847,773,773,3,Pigment processes of printing,773    Pigment processes of printing
848,774,774,3,No longer used—formerly Holography,774    No longer used—formerly Holography
849,775,775,3,No longer used—formerly Digital photography,775    No longer used—formerly Digital photography
850,776,776,3,Computer art (Digital art),776    Computer art (Digital art)
851,777,777,3,Cinematography and Videography,777    Cinematography and Videography
852,778,778,3,Specific fields and special kinds of photography,778    Specific fields and special kinds of photography
853,779,779,3,Photographic images,779    Photographic images
855,780,780,3,Music,780    Music
856,781,781,3,General principles and musical forms,781    General principles and musical forms
857,782,782,3,Vocal music,782    Vocal music
858,783,783,3,Music for single voices,783    Music for single voices
859,784,784,3,Instruments and Instrumental ensembles and their music,784    Instruments and Instrumental ensembles and their music
860,785,785,3,Ensembles with only one instrument per part,785    Ensembles with only one instrument per part
861,786,786,3,"Keyboard, mechanical, electrophonic, percussion instruments","786    Keyboard, mechanical, electrophonic, percussion instruments"
862,787,787,3,Stringed instruments (Chordophones),787    Stringed instruments (Chordophones)
863,788,788,3,Wind instruments (Aerophones),788    Wind instruments (Aerophones)
864,789,789,3,Unassigned or no longer used,789    Unassigned or no longer used
866,790,790,3,Recreational and performing arts,790    Recreational and performing arts
867,791,791,3,Public performances,791    Public performances
868,792,792,3,Stage presentations,792    Stage presentations
869,793,793,3,Indoor games and amusements,793    Indoor games and amusements
870,794,794,3,Indoor games of skill,794    Indoor games of skill
871,795,795,3,Games of chance,795    Games of chance
872,796,796,3,Athletic and outdoor sports and games,796    Athletic and outdoor sports and games
873,797,797,3,Aquatic and air sports,797    Aquatic and air sports
874,798,798,3,Equestrian sports and animal racing,798    Equestrian sports and animal racing
875,799,799,3,"Fishing, hunting, shooting","799    Fishing, hunting, shooting"
878,800,800,3,Literature (Belles-lettres) and rhetoric,800    Literature (Belles-lettres) and rhetoric
879,801,801,3,Philosophy and theory,801    Philosophy and theory
880,802,802,3,Miscellany,802    Miscellany
881,803,803,3,"Dictionaries, encyclopedias, concordances","803    Dictionaries, encyclopedias, concordances"
882,804,804,3,Not assigned or no longer used,804    Not assigned or no longer used
883,805,805,3,Serial publications,805    Serial publications
884,806,806,3,Organizations and management,806    Organizations and management
885,807,807,3,"Education, research, related topics","807    Education, research, related topics"
886,808,808,3,Rhetoric and collections of literary texts from more than two literatures,808    Rhetoric and collections of literary texts from more than two literatures
887,809,809,3,"History, description, critical appraisal of more than two literatures","809    History, description, critical appraisal of more than two literatures"
889,810,810,3,American literature in English,810    American literature in English
890,811,811,3,American poetry in English,811    American poetry in English
891,812,812,3,American drama in English,812    American drama in English
892,813,813,3,American fiction in English,813    American fiction in English
893,814,814,3,American essays in English,814    American essays in English
894,815,815,3,American speeches in English,815    American speeches in English
895,816,816,3,American letters in English,816    American letters in English
896,817,817,3,American humor and satire in English,817    American humor and satire in English
897,818,818,3,American miscellaneous writings in English,818    American miscellaneous writings in English
898,819,819,3,No longer used—formerly Puzzle activities,819    No longer used—formerly Puzzle activities
900,820,820,3,English and Old English (Anglo-Saxon) literatures,820    English and Old English (Anglo-Saxon) literatures
901,821,821,3,English Poetry,821    English Poetry
903,822,822,3,33 William Shakespeare,822    33 William Shakespeare
904,823,823,3,English fiction,823    English fiction
905,824,824,3,English essays,824    English essays
906,825,825,3,English speeches,825    English speeches
907,826,826,3,English letters,826    English letters
908,827,827,3,English humor and satire,827    English humor and satire
909,828,828,3,English miscellaneous writings,828    English miscellaneous writings
910,829,829,3,Old English (Anglo-Saxon) literature,829    Old English (Anglo-Saxon) literature
912,830,830,3,German literature and literatures of related languages,830    German literature and literatures of related languages
913,831,831,3,German poetry,831    German poetry
914,832,832,3,German drama,832    German drama
915,833,833,3,German fiction,833    German fiction
916,834,834,3,German essays,834    German essays
917,835,835,3,German speeches,835    German speeches
918,836,836,3,German letters,836    German letters
919,837,837,3,German humor and satire,837    German humor and satire
920,838,838,3,German miscellaneous writings,838    German miscellaneous writings
921,839,839,3,Other Germanic literatures,839    Other Germanic literatures
923,840,840,3,French literature and literatures of related Romance languages,840    French literature and literatures of related Romance languages
924,841,841,3,French poetry,841    French poetry
925,842,842,3,French drama,842    French drama
926,843,843,3,French fiction,843    French fiction
927,844,844,3,French essays,844    French essays
928,845,845,3,French speeches,845    French speeches
929,846,846,3,French letters,846    French letters
930,847,847,3,French humor and satire,847    French humor and satire
931,848,848,3,French miscellaneous writings,848    French miscellaneous writings
932,849,849,3,"Occitan, Catalan, Franco-Provençal literatures","849    Occitan, Catalan, Franco-Provençal literatures"
934,850,850,3,"Literatures of Italian, Dalmatian, Romanian, Rhaetian, Sardinian, Corsican languages","850    Literatures of Italian, Dalmatian, Romanian, Rhaetian, Sardinian, Corsican languages"
935,851,851,3,Italian poetry,851    Italian poetry
936,852,852,3,Italian drama,852    Italian drama
937,853,853,3,Italian fiction,853    Italian fiction
938,854,854,3,Italian essays,854    Italian essays
939,855,855,3,Italian speeches,855    Italian speeches
940,856,856,3,Italian letters,856    Italian letters
941,857,857,3,Italian humor and satire,857    Italian humor and satire
942,858,858,3,Italian miscellaneous writings,858    Italian miscellaneous writings
943,859,859,3,"Literatures of Romanian, Rhaetian, Sardinian, Corsican languages","859    Literatures of Romanian, Rhaetian, Sardinian, Corsican languages"
945,860,860,3,"Literatures of Spanish, Portuguese, Galician languages","860    Literatures of Spanish, Portuguese, Galician languages"
946,861,861,3,Spanish poetry,861    Spanish poetry
947,862,862,3,Spanish drama,862    Spanish drama
948,863,863,3,Spanish fiction,863    Spanish fiction
949,864,864,3,Spanish essays,864    Spanish essays
950,865,865,3,Spanish speeches,865    Spanish speeches
951,866,866,3,Spanish letters,866    Spanish letters
952,867,867,3,Spanish humor and satire,867    Spanish humor and satire
953,868,868,3,Spanish miscellaneous writings,868    Spanish miscellaneous writings
954,869,869,3,Literatures of Portuguese and Galician languages,869    Literatures of Portuguese and Galician languages
956,870,870,3,Latin literature and literatures of related Italic languages,870    Latin literature and literatures of related Italic languages
957,871,871,3,Latin poetry,871    Latin poetry
958,872,872,3,Latin dramatic poetry and drama,872    Latin dramatic poetry and drama
959,873,873,3,Latin epic poetry and fiction,873    Latin epic poetry and fiction
960,874,874,3,Latin lyric poetry,874    Latin lyric poetry
961,875,875,3,Latin speeches,875    Latin speeches
962,876,876,3,Latin letters,876    Latin letters
963,877,877,3,Latin humor and satire,877    Latin humor and satire
964,878,878,3,Latin miscellaneous writings,878    Latin miscellaneous writings
965,879,879,3,Literatures of other Italic languages,879    Literatures of other Italic languages
967,880,880,3,Classical Greek literature and literatures of related Hellenic languages,880    Classical Greek literature and literatures of related Hellenic languages
968,881,881,3,Classical Greek poetry,881    Classical Greek poetry
969,882,882,3,Classical Greek drama,882    Classical Greek drama
970,883,883,3,Classical Greek epic poetry and fiction,883    Classical Greek epic poetry and fiction
971,884,884,3,Classical Greek lyric poetry,884    Classical Greek lyric poetry
972,885,885,3,Classical Greek speeches,885    Classical Greek speeches
973,886,886,3,Classical Greek letters,886    Classical Greek letters
974,887,887,3,Classical Greek humor and satire,887    Classical Greek humor and satire
975,888,888,3,Classical Greek miscellaneous writings,888    Classical Greek miscellaneous writings
976,889,889,3,Modern Greek literature,889    Modern Greek literature
978,890,890,3,Literatures of other specific languages and language families,890    Literatures of other specific languages and language families
979,891,891,3,East Indo-European and Celtic literatures,891    East Indo-European and Celtic literatures
980,892,892,3,Afro-Asiatic literatures,892    Afro-Asiatic literatures
981,893,893,3,Non-Semitic Afro-Asiatic literatures,893    Non-Semitic Afro-Asiatic literatures
982,894,894,3,"Literatures of Altaic, Uralic, Hyperborean, Dravidian languages; literatures of miscellaneous languages of South Asia","894    Literatures of Altaic, Uralic, Hyperborean, Dravidian languages; literatures of miscellaneous languages of South Asia"
983,895,895,3,Literatures of East and Southeast Asia,895    Literatures of East and Southeast Asia
984,896,896,3,African literatures,896    African literatures
985,897,897,3,Literatures of North American native languages,897    Literatures of North American native languages
986,898,898,3,Literatures of South American native languages,898    Literatures of South American native languages
987,899,899,3,"Literatures of non-Austronesian languages of Oceania, of Austronesian languages, of miscellaneous languages","899    Literatures of non-Austronesian languages of Oceania, of Austronesian languages, of miscellaneous languages"
990,900,900,3,"History, geography, and auxiliary disciplines","900    History, geography, and auxiliary disciplines"
991,901,901,3,Philosophy and theory of history,901    Philosophy and theory of history
992,902,902,3,Miscellany of history,902    Miscellany of history
993,903,903,3,"Dictionaries, encyclopedias, concordances of history","903    Dictionaries, encyclopedias, concordances of history"
994,904,904,3,Collected accounts of events,904    Collected accounts of events
995,905,905,3,Serial publications of history,905    Serial publications of history
996,906,906,3,Organizations and management of history,906    Organizations and management of history
997,907,907,3,"Education, research, related topics of history","907    Education, research, related topics of history"
998,908,908,3,History with respect to groups of people,908    History with respect to groups of people
999,909,909,3,World history,909    World history
1001,910,910,3,Geography and travel,910    Geography and travel
1002,911,911,3,Historical geography,911    Historical geography
1003,912,912,3,Graphic representations of surface of earth and of extraterrestrial worlds,912    Graphic representations of surface of earth and of extraterrestrial worlds
1004,913,913,3,Geography of and travel in the ancient world,913    Geography of and travel in the ancient world
1005,914,914,3,Geography of and travel in Europe,914    Geography of and travel in Europe
1006,915,915,3,Geography of and travel in Asia,915    Geography of and travel in Asia
1007,916,916,3,Geography of and travel in Africa,916    Geography of and travel in Africa
1008,917,917,3,Geography of and travel in North America,917    Geography of and travel in North America
1009,918,918,3,Geography of and travel in South America,918    Geography of and travel in South America
1010,919,919,3,"Geography of and travel in Australasia, Pacific Ocean islands, Atlantic Ocean islands, Arctic islands, Antarctica, and on extraterrestrial worlds","919    Geography of and travel in Australasia, Pacific Ocean islands, Atlantic Ocean islands, Arctic islands, Antarctica, and on extraterrestrial worlds"
1012,920,920,3,"Biography, genealogy, insignia","920    Biography, genealogy, insignia"
1013,921,921,3,"928 This range is reserved as an optional location for biographies, which are shelved alphabetically by subject's last name.","921    928 This range is reserved as an optional location for biographies, which are shelved alphabetically by subject's last name."
1014,929,929,3,"Genealogy, names, insignia","929    Genealogy, names, insignia"
1016,930,930,3,History of ancient world to c. 499,930    History of ancient world to c. 499
1017,931,931,3,China to 420,931    China to 420
1018,932,932,3,Egypt to 640,932    Egypt to 640
1019,933,933,3,Palestine to 70,933    Palestine to 70
1020,934,934,3,South Asia to 647,934    South Asia to 647
1021,935,935,3,Mesopotamia to 637 and Iranian Plateau to 637,935    Mesopotamia to 637 and Iranian Plateau to 637
1022,936,936,3,Europe north and west of Italian Peninsula to c. 499,936    Europe north and west of Italian Peninsula to c. 499
1023,937,937,3,Italian Peninsula to 476 and adjacent territories to 476,937    Italian Peninsula to 476 and adjacent territories to 476
1024,938,938,3,Greece to 323,938    Greece to 323
1025,939,939,3,Other parts of ancient world,939    Other parts of ancient world
1027,940,940,3,History of Europe,940    History of Europe
1028,941,941,3,British Isles,941    British Isles
1029,942,942,3,England and Wales,942    England and Wales
1030,943,943,3,Germany and neighboring central European countries,943    Germany and neighboring central European countries
1031,944,944,3,France and Monaco,944    France and Monaco
1032,945,945,3,"Italy, San Marino, Vatican City, Malta","945    Italy, San Marino, Vatican City, Malta"
1033,946,946,3,"Spain, Andorra, Gibraltar, Portugal","946    Spain, Andorra, Gibraltar, Portugal"
1034,947,947,3,Russia and neighboring east European countries,947    Russia and neighboring east European countries
1035,948,948,3,Scandinavia,948    Scandinavia
1036,949,949,3,Other parts of Europe,949    Other parts of Europe
1038,950,950,3,History of Asia,950    History of Asia
1039,951,951,3,China and adjacent areas,951    China and adjacent areas
1040,952,952,3,Japan,952    Japan
1041,953,953,3,Arabian Peninsula and adjacent areas,953    Arabian Peninsula and adjacent areas
1042,954,954,3,India and neighboring south Asian countries;,954    India and neighboring south Asian countries;
1043,955,955,3,Iran,955    Iran
1044,956,956,3,Middle East (Near East),956    Middle East (Near East)
1045,957,957,3,Siberia (Asiatic Russia),957    Siberia (Asiatic Russia)
1046,958,958,3,Central Asia,958    Central Asia
1047,959,959,3,Southeast Asia,959    Southeast Asia
1049,960,960,3,History of Africa,960    History of Africa
1050,961,961,3,Tunisia and Libya,961    Tunisia and Libya
1051,962,962,3,"Egypt, Sudan, South Sudan","962    Egypt, Sudan, South Sudan"
1052,963,963,3,Ethiopia and Eritrea,963    Ethiopia and Eritrea
1053,964,964,3,"Morocco, Ceuta, Melilla Western Sahara, Canary Islands","964    Morocco, Ceuta, Melilla Western Sahara, Canary Islands"
1054,965,965,3,Algeria,965    Algeria
1055,966,966,3,West Africa and offshore islands,966    West Africa and offshore islands
1056,967,967,3,Central Africa and offshore islands,967    Central Africa and offshore islands
1057,968,968,3,Republic of South Africa and neighboring southern African countries,968    Republic of South Africa and neighboring southern African countries
1058,969,969,3,South Indian Ocean islands,969    South Indian Ocean islands
1060,970,970,3,History of North America,970    History of North America
1061,971,971,3,Canada,971    Canada
1062,972,972,3,"Mexico, Central America, West Indies, Bermuda","972    Mexico, Central America, West Indies, Bermuda"
1063,973,973,3,United States,973    United States
1064,974,974,3,Northeastern United States (New England and Middle Atlantic states),974    Northeastern United States (New England and Middle Atlantic states)
1065,975,975,3,Southeastern United States (South Atlantic states),975    Southeastern United States (South Atlantic states)
1066,976,976,3,South central United States,976    South central United States
1067,977,977,3,North central United States,977    North central United States
1068,978,978,3,Western United States,978    Western United States
1069,979,979,3,Great Basin and Pacific Slope region of United States,979    Great Basin and Pacific Slope region of United States
1071,980,980,3,History of South America,980    History of South America
1072,981,981,3,Brazil,981    Brazil
1073,982,982,3,Argentina,982    Argentina
1074,983,983,3,Chile,983    Chile
1075,984,984,3,Bolivia,984    Bolivia
1076,985,985,3,Peru,985    Peru
1077,986,986,3,Colombia and Ecuador,986    Colombia and Ecuador
1078,987,987,3,Venezuela,987    Venezuela
1079,988,988,3,Guiana,988    Guiana
1080,989,989,3,Paraguay and Uruguay,989    Paraguay and Uruguay
1082,990,990,3,"History of Australasia, Pacific Ocean islands, Atlantic Ocean islands, Arctic islands, Antarctica, extraterrestrial worlds","990    History of Australasia, Pacific Ocean islands, Atlantic Ocean islands, Arctic islands, Antarctica, extraterrestrial worlds"
1083,991,991,3,992 Not assigned or no longer used,991    992 Not assigned or no longer used
1084,993,993,3,New Zealand,993    New Zealand
1085,994,994,3,Australia,994    Australia
1086,995,995,3,New Guinea and neighboring countries of Melanesia,995    New Guinea and neighboring countries of Melanesia
1087,996,996,3,Polynesia and other Pacific Ocean islands,996    Polynesia and other Pacific Ocean islands
1088,997,997,3,Atlantic Ocean islands,997    Atlantic Ocean islands
1089,998,998,3,Arctic islands and Antarctica,998    Arctic islands and Antarctica
1090,999,999,3,Extraterrestrial worlds,999    Extraterrestrial worlds